Marca temporal,Escull el teu idioma / Escoge tu idioma / Choose your language,Gènere,Nacionalitat,"Has finalitzat, o estas actualment cursant, estudis superiors STEM?","El teu referent 1 (Pares, mares,tutors,...)ha finalitzat estudis superiors?","En cas afirmatiu, estan aquests enfocats en l’àmbit STEM?","El teu referent 2 (Pares, mares,tutors,...) ha finalitzat estudis superiors?","En cas afirmatiu, estan aquests enfocats en l’àmbit STEM?",Consideres que els estudis d’algun del teus referents o d’amdós t’han condicionat a l’hora d’escollir els teus estudis superiors?,Género,Nacionalidad,"¿Has finalizado, o estás actualmente cursando, estudios superiores STEM?","¿Tu referente 1 (Padres, madres,tutores...) ha finalizado estudios superiores?","En caso afirmativo, ¿pertenecen al ámbito STEM?","¿Tu referente 2 (padres,madres,tutores...) ha finalizado estudios superiores?","En caso afirmativo, ¿pertenecen al ámbito STEM?",¿Consideras que los estudios de alguno de tus referentes o de ambos te han condicionado a la hora de escoger tus estudios superiores?,Gender,Nationality,"Have you completed, or are you currently pursuing, STEM higher education?",Has your first mentor (Fathers/mothers/tutors) completed their higher education?,"If so, are the studies STEM-focused?",Has your second mentor (Fathers/mothers/tutors) completed their higher education?,"If so, are the studies STEM-focused?",Do you consider that your mentors’ studies have influenced you when choosing your career? 
29/11/2020 18:37:58,Esp,Mujer,Española,Sí,Sí,Sí,No,,No,,,,,,,,,,,,,,,,
29/11/2020 18:41:42,Esp,Mujer,Española,Sí,No,,,,No,,,,,,,,,,,,,,,,
29/11/2020 19:15:28,Eng,Female,Spanish,Yes,Yes,Yes,Yes,No,Yes,,,,,,,,,,,,,,,,
29/11/2020 19:25:20,Esp,Mujer,Española,Sí,No,,No,,No,,,,,,,,,,,,,,,,
29/11/2020 21:09:40,Cat,Dona,Espanyola,No,Sí,No,Sí,No,No,,,,,,,,,,,,,,,,
30/11/2020 2:10:14,Eng,Female,Spanish,Yes,Yes,Yes,Yes,Yes,Yes,,,,,,,,,,,,,,,,
30/11/2020 13:57:08,Cat,Dona,Espanyola,Sí,Sí,Sí,Sí,Sí,No,,,,,,,,,,,,,,,,
30/11/2020 15:33:48,Esp,Mujer,Española,Sí,No,,No,,No,,,,,,,,,,,,,,,,
1/12/2020 10:01:49,Cat,Dona,catalana,No,No,No,No,No,No,,,,,,,,,,,,,,,,
1/12/2020 10:25:00,Cat,Dona,Espanyola,Sí,No,No,No,No,No,,,,,,,,,,,,,,,,
1/12/2020 10:42:52,Cat,Dona,Espanyola,Sí,No,,No,,Sí,,,,,,,,,,,,,,,,
1/12/2020 10:46:24,Cat,Dona,Espanyola,Sí,Sí,No,No,,No,,,,,,,,,,,,,,,,
1/12/2020 10:48:10,Cat,Dona,Espanyola,Sí,No,No,No,No,No,,,,,,,,,,,,,,,,
1/12/2020 10:50:16,Cat,Dona,Espanyola,Sí,No,,No,,No,,,,,,,,,,,,,,,,
1/12/2020 10:53:49,Cat,Dona,Espanyola,Sí,Sí,Sí,Sí,Sí,Sí,,,,,,,,,,,,,,,,
1/12/2020 10:54:00,Cat,Dona,Catalana,Sí,Sí,No,No,No,No,,,,,,,,,,,,,,,,
1/12/2020 10:55:16,Esp,Mujer,Española,Sí,No,,No,,No,,,,,,,,,,,,,,,,
1/12/2020 10:57:40,Cat,Dona,Espanyola,Sí,No,No,No,No,No,,,,,,,,,,,,,,,,
1/12/2020 11:00:55,Cat,Dona,Espanyola,Sí,No,,No,,Sí,,,,,,,,,,,,,,,,
1/12/2020 11:04:06,Cat,Dona,Espanyola,No,No,,Sí,No,Sí,,,,,,,,,,,,,,,,
1/12/2020 11:10:50,Cat,Dona,Espanyola,Sí,Sí,Sí,Sí,Sí,Sí,,,,,,,,,,,,,,,,
1/12/2020 11:21:40,Cat,Dona,Espanyola,Sí,Sí,Sí,Sí,No,Sí,,,,,,,,,,,,,,,,
1/12/2020 11:25:47,Cat,Dona,Espanyola,Sí,Sí,Sí,No,,No,,,,,,,,,,,,,,,,
1/12/2020 11:28:54,Cat,Dona,Espanyola,Sí,No,,No,,No,,,,,,,,,,,,,,,,
1/12/2020 11:37:08,Cat,Dona,Espanyola,No,Sí,No,Sí,No,No,,,,,,,,,,,,,,,,
1/12/2020 11:40:02,Cat,Dona,Espanyola,Sí,Sí,Sí,No,No,Sí,,,,,,,,,,,,,,,,
1/12/2020 11:43:10,Cat,Dona,Espanyola,Sí,Sí,No,Sí,Sí,Sí,,,,,,,,,,,,,,,,
1/12/2020 11:46:05,Cat,Dona,Espanyola,Sí,Sí,Sí,No,,Sí,,,,,,,,,,,,,,,,
1/12/2020 11:55:37,Cat,Dona,Espanyola,Sí,No,,Sí,No,No,,,,,,,,,,,,,,,,
1/12/2020 11:55:58,Cat,Dona,Espanyola,No,Sí,Sí,Sí,Sí,No,,,,,,,,,,,,,,,,
1/12/2020 12:04:06,Cat,Dona,Espanyola,No,Sí,No,No,,No,,,,,,,,,,,,,,,,
1/12/2020 12:05:45,Cat,Dona,Espanyola,Sí,Sí,Sí,Sí,No,No,,,,,,,,,,,,,,,,
1/12/2020 12:09:16,Cat,Dona,Espanyola,Sí,Sí,No,Sí,No,No,,,,,,,,,,,,,,,,
1/12/2020 12:11:59,Esp,Mujer,Rumanía,Sí,Sí,Sí,No,No,No,,,,,,,,,,,,,,,,
1/12/2020 12:12:29,Cat,Dona,Espanyola,Sí,Sí,Sí,Sí,Sí,Sí,,,,,,,,,,,,,,,,
1/12/2020 12:17:54,Cat,Dona,Espanyola,No,Sí,No,No,,No,,,,,,,,,,,,,,,,
1/12/2020 12:19:01,Cat,Dona,Espanyola,Sí,No,,No,,No,,,,,,,,,,,,,,,,
1/12/2020 12:20:12,Cat,Dona,Espanyola,Sí,No,,No,,No,,,,,,,,,,,,,,,,
1/12/2020 12:23:38,Cat,Dona,Espanyola,Sí,Sí,Sí,No,No,No,,,,,,,,,,,,,,,,
1/12/2020 12:23:48,Cat,Home,Espanyola,Sí,No,Sí,No,No,No,,,,,,,,,,,,,,,,
1/12/2020 12:27:35,Cat,No-Binari,Espanyola,Sí,Sí,No,No,No,Sí,,,,,,,,,,,,,,,,
1/12/2020 12:31:51,Cat,Dona,Espanyola,Sí,Sí,Sí,Sí,Sí,Sí,,,,,,,,,,,,,,,,
1/12/2020 12:34:36,Esp,Mujer,Marroquí,Sí,Sí,No,Sí,No,No,,,,,,,,,,,,,,,,
1/12/2020 12:44:54,Cat,Dona,Espanyola,Sí,Sí,No,Sí,No,No,,,,,,,,,,,,,,,,
1/12/2020 12:46:12,Cat,Dona,Espanyola,Sí,Sí,No,No,,No,,,,,,,,,,,,,,,,
1/12/2020 12:48:35,Cat,Dona,Espanyola,Sí,No,,Sí,No,No,,,,,,,,,,,,,,,,
1/12/2020 13:00:02,Cat,Dona,Espanyola,Sí,Sí,No,Sí,No,No,,,,,,,,,,,,,,,,
1/12/2020 13:37:34,Cat,Dona,Espanyola,No,No,,No,,No,,,,,,,,,,,,,,,,
1/12/2020 13:55:23,Cat,Dona,Espanyola,Sí,Sí,Sí,Sí,Sí,Sí,,,,,,,,,,,,,,,,
1/12/2020 13:59:30,Cat,Dona,Espanyola,Sí,No,,No,,No,,,,,,,,,,,,,,,,
1/12/2020 14:07:11,Cat,Dona,Espanyola,Sí,Sí,Sí,No,,No,,,,,,,,,,,,,,,,
1/12/2020 14:14:57,Cat,Dona,Espanyola,Sí,Sí,Sí,No,,No,,,,,,,,,,,,,,,,
1/12/2020 14:15:18,Cat,Dona,Espanyola,Sí,No,,No,,No,,,,,,,,,,,,,,,,
1/12/2020 14:16:45,Cat,Dona,Espanyola,Sí,Sí,No,Sí,No,No,,,,,,,,,,,,,,,,
1/12/2020 14:17:59,Cat,Dona,Espanyola,No,Sí,No,No,No,Sí,,,,,,,,,,,,,,,,
1/12/2020 14:21:20,Esp,Mujer,Española,Sí,Sí,No,Sí,No,No,,,,,,,,,,,,,,,,
1/12/2020 14:43:28,Cat,Home,Espanyola,Sí,No,No,No,No,No,,,,,,,,,,,,,,,,
1/12/2020 14:43:58,Cat,Dona,Espanyola,Sí,No,,No,,No,,,,,,,,,,,,,,,,
1/12/2020 14:47:48,Cat,Dona,Espanyola,Sí,Sí,No,No,No,No,,,,,,,,,,,,,,,,
1/12/2020 14:50:21,Cat,Dona,Espanyola,Sí,Sí,Sí,Sí,Sí,Sí,,,,,,,,,,,,,,,,
1/12/2020 15:00:34,Cat,Dona,Espanyola,Sí,Sí,Sí,Sí,No,Sí,,,,,,,,,,,,,,,,
1/12/2020 15:03:55,Esp,Mujer,Cubana,No,Sí,No,Sí,No,No,,,,,,,,,,,,,,,,
1/12/2020 15:05:03,Cat,Dona,Espanyola,Sí,Sí,Sí,Sí,No,No,,,,,,,,,,,,,,,,
1/12/2020 15:21:38,Cat,Dona,Espanyola,No,Sí,No,No,No,Sí,,,,,,,,,,,,,,,,
1/12/2020 15:30:01,Cat,Dona,Espanyola,No,No,,No,,No,,,,,,,,,,,,,,,,
1/12/2020 15:30:45,Cat,Dona,Espanyola,Sí,No,,No,,No,,,,,,,,,,,,,,,,
1/12/2020 15:31:12,Cat,Dona,Espanyola,Sí,No,,No,,No,,,,,,,,,,,,,,,,
1/12/2020 15:41:23,Esp,Mujer,Cubana,Sí,Sí,Sí,Sí,Sí,Sí,,,,,,,,,,,,,,,,
1/12/2020 15:56:21,Esp,Mujer,Española,Sí,Sí,Sí,Sí,No,No,,,,,,,,,,,,,,,,
1/12/2020 16:00:03,Esp,Mujer,Española,No,Sí,No,Sí,No,No,,,,,,,,,,,,,,,,
1/12/2020 16:13:19,Cat,Dona,Espanyola,Sí,No,,No,,No,,,,,,,,,,,,,,,,
1/12/2020 16:18:08,Cat,Dona,Espanyola,Sí,Sí,No,Sí,No,No,,,,,,,,,,,,,,,,
1/12/2020 16:53:42,Esp,No-binario,Española,Sí,No,No,No,No,No,,,,,,,,,,,,,,,,
1/12/2020 17:11:47,Cat,Dona,Espanyola,Sí,Sí,No,Sí,Sí,Sí,,,,,,,,,,,,,,,,
1/12/2020 17:12:11,Esp,Mujer,Española,Sí,No,,No,,No,,,,,,,,,,,,,,,,
1/12/2020 17:23:50,Cat,Dona,Espanyola,Sí,No,,No,,No,,,,,,,,,,,,,,,,
1/12/2020 17:40:30,Esp,Mujer,Argentina,Sí,Sí,No,Sí,Sí,Sí,,,,,,,,,,,,,,,,
1/12/2020 17:54:18,Cat,Dona,Espanyola,Sí,No,No,No,No,No,,,,,,,,,,,,,,,,
1/12/2020 18:04:04,Cat,Dona,Espanyola,Sí,No,,No,,No,,,,,,,,,,,,,,,,
1/12/2020 18:07:57,Esp,Mujer,Cubana ,Sí,Sí,Sí,Sí,Sí,Sí,,,,,,,,,,,,,,,,
1/12/2020 18:36:14,Cat,Dona,Espanyola,No,Sí,No,Sí,No,No,,,,,,,,,,,,,,,,
1/12/2020 18:48:28,Cat,Dona,Espanyola,Sí,Sí,No,No,,No,,,,,,,,,,,,,,,,
1/12/2020 19:00:04,Cat,Dona,Espanyola,Sí,Sí,No,No,No,No,,,,,,,,,,,,,,,,
1/12/2020 19:04:43,Cat,Dona,Espanyola,No,No,,No,,No,,,,,,,,,,,,,,,,
1/12/2020 19:09:44,Cat,Dona,Espanyola,Sí,Sí,Sí,Sí,Sí,Sí,,,,,,,,,,,,,,,,
1/12/2020 19:10:55,Cat,Dona,Espanyola,Sí,No,No,No,No,Sí,,,,,,,,,,,,,,,,
1/12/2020 19:19:39,Cat,Dona,Espanyola,Sí,No,No,No,No,No,,,,,,,,,,,,,,,,
1/12/2020 19:39:13,Esp,Mujer,Francesa,Sí,Sí,No,Sí,No,No,,,,,,,,,,,,,,,,
1/12/2020 19:57:54,Cat,Dona,Espanyola,Sí,Sí,No,Sí,No,No,,,,,,,,,,,,,,,,
1/12/2020 19:58:34,Cat,Dona,Espanyola,Sí,Sí,Sí,No,,No,,,,,,,,,,,,,,,,
1/12/2020 19:59:47,Esp,Mujer,Española,Sí,Sí,No,No,No,No,,,,,,,,,,,,,,,,
1/12/2020 20:08:43,Cat,Dona,Espanyola,Sí,Sí,No,No,,No,,,,,,,,,,,,,,,,
1/12/2020 20:59:01,Cat,No-Binari,Espanyola,Sí,Sí,Sí,Sí,Sí,No,,,,,,,,,,,,,,,,
1/12/2020 21:14:09,Cat,Home,Espanyola,No,No,,No,,No,,,,,,,,,,,,,,,,
1/12/2020 21:20:08,Cat,Dona,Espanyola,Sí,Sí,Sí,Sí,Sí,No,,,,,,,,,,,,,,,,
1/12/2020 21:32:27,Cat,Dona,Espanyola,No,No,No,Sí,Sí,No,,,,,,,,,,,,,,,,
1/12/2020 21:42:01,Cat,Dona,Espanyola,Sí,Sí,No,No,,No,,,,,,,,,,,,,,,,
1/12/2020 22:13:10,Cat,Dona,Espanyola,Sí,Sí,Sí,Sí,Sí,No,,,,,,,,,,,,,,,,
1/12/2020 22:44:49,Cat,Dona,Espanyola,Sí,Sí,Sí,Sí,Sí,Sí,,,,,,,,,,,,,,,,
1/12/2020 23:18:42,Cat,Dona,Espanyola,Sí,No,No,No,No,No,,,,,,,,,,,,,,,,
1/12/2020 23:22:21,Cat,Dona,Espanyola,No,Sí,No,Sí,Sí,Sí,,,,,,,,,,,,,,,,
1/12/2020 23:44:20,Esp,Mujer,Española,Sí,No,,No,,Sí,,,,,,,,,,,,,,,,
2/12/2020 0:01:38,Cat,Dona,Espanyola,Sí,Sí,Sí,Sí,No,Sí,,,,,,,,,,,,,,,,
2/12/2020 1:15:26,Esp,Mujer,Española,Sí,Sí,No,No,No,No,,,,,,,,,,,,,,,,
2/12/2020 8:33:38,Cat,Dona,Espanyola,Sí,Sí,Sí,Sí,No,No,,,,,,,,,,,,,,,,
2/12/2020 9:19:11,Cat,Dona,Espanyola,Sí,No,,,,No,,,,,,,,,,,,,,,,
2/12/2020 12:15:17,Cat,Dona,Espanyola,Sí,No,,No,,No,,,,,,,,,,,,,,,,
2/12/2020 12:23:15,Cat,Dona,Espanyola,Sí,No,No,No,No,No,,,,,,,,,,,,,,,,
2/12/2020 12:35:46,Cat,Dona,Espanyola,No,Sí,Sí,No,,No,,,,,,,,,,,,,,,,
2/12/2020 17:06:49,Cat,Dona,Espanyola,Sí,No,No,No,No,No,,,,,,,,,,,,,,,,
2/12/2020 17:07:58,Cat,Dona,Espanyola,Sí,Sí,Sí,No,No,Sí,,,,,,,,,,,,,,,,
2/12/2020 17:20:46,Esp,Mujer,Española,Sí,Sí,Sí,Sí,No,No,,,,,,,,,,,,,,,,
2/12/2020 17:50:14,Cat,Dona,Espanyola,Sí,Sí,Sí,Sí,Sí,Sí,,,,,,,,,,,,,,,,
2/12/2020 20:02:08,Cat,Dona,Espanyola,Sí,Sí,Sí,Sí,Sí,Sí,,,,,,,,,,,,,,,,
2/12/2020 20:02:43,Cat,Dona,Espanyola,Sí,Sí,Sí,Sí,Sí,Sí,,,,,,,,,,,,,,,,
2/12/2020 20:07:25,Esp,Mujer,Española,Sí,Sí,No,Sí,Sí,Sí,,,,,,,,,,,,,,,,
2/12/2020 20:07:32,Esp,Mujer,Española,Sí,Sí,Sí,No,,Sí,,,,,,,,,,,,,,,,
2/12/2020 20:09:39,Esp,Mujer,Española,Sí,No,,No,,No,,,,,,,,,,,,,,,,
2/12/2020 20:11:26,Cat,Dona,Espanyola,Sí,Sí,Sí,Sí,No,No,,,,,,,,,,,,,,,,
2/12/2020 20:13:42,Cat,Dona,Espanyola,Sí,Sí,Sí,Sí,Sí,Sí,,,,,,,,,,,,,,,,
2/12/2020 20:36:01,Cat,Dona,Espanyola,Sí,Sí,Sí,Sí,No,No,,,,,,,,,,,,,,,,
2/12/2020 20:38:06,Cat,Dona,Espanyola + Neerlandesa,Sí,Sí,Sí,Sí,No,Sí,,,,,,,,,,,,,,,,
2/12/2020 20:51:25,Esp,Mujer,Española,Sí,Sí,Sí,No,,Sí,,,,,,,,,,,,,,,,
2/12/2020 22:01:18,Cat,Dona,Espanyola,No,No,,No,,No,,,,,,,,,,,,,,,,
2/12/2020 22:04:16,Cat,Dona,Espanyola,Sí,Sí,Sí,Sí,No,Sí,,,,,,,,,,,,,,,,
3/12/2020 0:32:15,Cat,Dona,Espanyola,Sí,No,No,Sí,Sí,No,,,,,,,,,,,,,,,,
3/12/2020 9:15:33,Cat,Dona,Espanyola,No,No,No,No,No,No,,,,,,,,,,,,,,,,
3/12/2020 10:31:44,Cat,Dona,Espanyola,Sí,No,,No,,No,,,,,,,,,,,,,,,,
3/12/2020 10:45:50,Cat,Dona,Espanyola,Sí,Sí,No,No,No,No,,,,,,,,,,,,,,,,
3/12/2020 11:08:42,Cat,Dona,Espanyola,Sí,Sí,No,No,No,No,,,,,,,,,,,,,,,,
3/12/2020 15:11:06,Cat,Dona,Espanyola,Sí,No,,No,,No,,,,,,,,,,,,,,,,
3/12/2020 15:14:34,Cat,Dona,Espanyola,Sí,Sí,Sí,Sí,No,Sí,,,,,,,,,,,,,,,,
3/12/2020 15:49:12,Esp,Mujer,Española,Sí,Sí,Sí,Sí,Sí,Sí,,,,,,,,,,,,,,,,
3/12/2020 15:54:30,Cat,Dona,Espanyola,Sí,No,,No,,Sí,,,,,,,,,,,,,,,,
3/12/2020 16:18:01,Cat,Dona,Espanyola,Sí,Sí,No,No,No,Sí,,,,,,,,,,,,,,,,
3/12/2020 16:49:13,Cat,Dona,Espanyola,No,No,No,No,No,No,,,,,,,,,,,,,,,,
3/12/2020 18:26:16,Eng,Female,Spanish,Yes,Yes,No,No,No,No,,,,,,,,,,,,,,,,
3/12/2020 20:09:48,Cat,Dona,Espanyola,Sí,No,,No,,No,,,,,,,,,,,,,,,,
4/12/2020 11:02:06,Eng,Female,Spanish,Yes,Yes,Yes,No,No,No,,,,,,,,,,,,,,,,
4/12/2020 11:07:46,Cat,Dona,Espanyola,Sí,No,,No,,No,,,,,,,,,,,,,,,,
4/12/2020 11:11:54,Esp,Mujer,Española,Sí,No,,No,,No,,,,,,,,,,,,,,,,
4/12/2020 11:12:02,Cat,Dona,Espanyola,Sí,No,,No,,No,,,,,,,,,,,,,,,,
4/12/2020 11:25:34,Cat,Dona,Espanyola,Sí,No,,No,,No,,,,,,,,,,,,,,,,
4/12/2020 11:25:38,Cat,Dona,Espanyola,Sí,Sí,No,Sí,No,No,,,,,,,,,,,,,,,,
4/12/2020 11:27:07,Cat,Dona,Espanyola,Sí,Sí,No,No,No,No,,,,,,,,,,,,,,,,
4/12/2020 11:34:24,Cat,Dona,Espanyola,Sí,No,No,No,No,No,,,,,,,,,,,,,,,,
4/12/2020 11:35:16,Cat,Dona,Espanyola,Sí,Sí,Sí,Sí,No,Sí,,,,,,,,,,,,,,,,
4/12/2020 11:37:55,Cat,Home,Espanyola,Sí,Sí,Sí,No,No,No,,,,,,,,,,,,,,,,
4/12/2020 11:38:47,Cat,Dona,Espanyola,Sí,No,,No,,No,,,,,,,,,,,,,,,,
4/12/2020 11:39:11,Cat,Dona,Espanyola,Sí,Sí,Sí,Sí,Sí,Sí,,,,,,,,,,,,,,,,
4/12/2020 11:43:10,Cat,Dona,Espanyola,Sí,No,No,No,No,No,,,,,,,,,,,,,,,,
4/12/2020 11:48:30,Cat,Dona,Espanyola,Sí,Sí,Sí,Sí,Sí,No,,,,,,,,,,,,,,,,
4/12/2020 12:04:06,Cat,Dona,Espanyola,Sí,No,,No,,No,,,,,,,,,,,,,,,,
4/12/2020 12:04:57,Cat,Dona,Espanyola,Sí,Sí,Sí,Sí,Sí,Sí,,,,,,,,,,,,,,,,
4/12/2020 12:11:19,Cat,Dona,Espanyola,Sí,Sí,Sí,No,,No,,,,,,,,,,,,,,,,
4/12/2020 12:16:14,Cat,Dona,Espanyola,Sí,Sí,No,No,,No,,,,,,,,,,,,,,,,
4/12/2020 12:21:18,Cat,Home,Espanyola,Sí,Sí,Sí,No,,Sí,,,,,,,,,,,,,,,,
4/12/2020 12:32:06,Cat,Home,Espanyola,No,No,No,No,No,No,,,,,,,,,,,,,,,,
4/12/2020 12:32:09,Cat,Dona,Espanyola,Sí,Sí,Sí,Sí,Sí,Sí,,,,,,,,,,,,,,,,
4/12/2020 12:44:27,Cat,Dona,Espanyola,Sí,No,No,No,No,No,,,,,,,,,,,,,,,,
4/12/2020 12:49:33,Cat,Dona,Espanyola,Sí,Sí,Sí,No,,Sí,,,,,,,,,,,,,,,,
4/12/2020 12:50:46,Cat,Dona,Espanyola,Sí,Sí,Sí,No,No,No,,,,,,,,,,,,,,,,
4/12/2020 13:09:36,Cat,Dona,Espanyola,Sí,No,,Sí,No,No,,,,,,,,,,,,,,,,
4/12/2020 13:22:12,Cat,Dona,Espanyola,Sí,Sí,Sí,Sí,No,No,,,,,,,,,,,,,,,,
4/12/2020 13:32:59,Cat,Dona,Espanyola,Sí,No,No,No,No,No,,,,,,,,,,,,,,,,
4/12/2020 13:36:19,Cat,Dona,Espanyola,Sí,Sí,No,No,No,No,,,,,,,,,,,,,,,,
4/12/2020 13:38:59,Cat,Dona,Espanyola,Sí,No,,No,,No,,,,,,,,,,,,,,,,
4/12/2020 13:39:19,Cat,Dona,Espanyola,Sí,Sí,No,Sí,Sí,No,,,,,,,,,,,,,,,,
4/12/2020 14:18:08,Cat,Dona,Espanyola,Sí,Sí,Sí,No,,Sí,,,,,,,,,,,,,,,,
4/12/2020 14:19:01,Cat,Dona,Espanyola,Sí,Sí,Sí,,,Sí,,,,,,,,,,,,,,,,
4/12/2020 14:29:58,Cat,Dona,Espanyola,Sí,Sí,Sí,Sí,No,No,,,,,,,,,,,,,,,,
4/12/2020 14:30:28,Cat,Dona,Espanyola,Sí,Sí,No,Sí,Sí,No,,,,,,,,,,,,,,,,
4/12/2020 14:30:39,Esp,Mujer,Española,Sí,Sí,No,No,,No,,,,,,,,,,,,,,,,
4/12/2020 14:42:53,Cat,Dona,Espanyola,Sí,No,,No,,No,,,,,,,,,,,,,,,,
4/12/2020 14:52:49,Cat,Dona,Espanyola,Sí,No,No,No,No,No,,,,,,,,,,,,,,,,
4/12/2020 14:53:46,Cat,Home,Espanyola,Sí,No,,No,,No,,,,,,,,,,,,,,,,
4/12/2020 15:03:49,Esp,Hombre,Española,No,Sí,No,Sí,No,No,,,,,,,,,,,,,,,,
4/12/2020 15:28:50,Cat,Dona,Espanyola,Sí,Sí,Sí,Sí,No,Sí,,,,,,,,,,,,,,,,
4/12/2020 15:47:04,Esp,Mujer,Española,Sí,Sí,Sí,No,,Sí,,,,,,,,,,,,,,,,
4/12/2020 15:49:32,Cat,Dona,Espanyola,Sí,No,,No,,No,,,,,,,,,,,,,,,,
4/12/2020 15:51:26,Cat,Dona,Espanyola,Sí,Sí,Sí,Sí,Sí,Sí,,,,,,,,,,,,,,,,
4/12/2020 15:51:36,Cat,Dona,Espanyola,Sí,Sí,No,No,,No,,,,,,,,,,,,,,,,
4/12/2020 15:51:52,Cat,Dona,Espanyola,Sí,Sí,No,No,No,Sí,,,,,,,,,,,,,,,,
4/12/2020 15:53:44,Eng,Female,French,Yes,Yes,Yes,Yes,Yes,Yes,,,,,,,,,,,,,,,,
4/12/2020 15:53:46,Esp,Mujer,Española,Sí,No,No,No,No,No,,,,,,,,,,,,,,,,
4/12/2020 16:18:20,Esp,Mujer,Española,Sí,Sí,No,Sí,No,No,,,,,,,,,,,,,,,,
4/12/2020 16:20:19,Cat,Dona,Espanyola,Sí,No,,No,,No,,,,,,,,,,,,,,,,
4/12/2020 16:24:29,Esp,Mujer,Española,Sí,No,No,No,No,No,,,,,,,,,,,,,,,,
4/12/2020 16:25:59,Cat,Dona,Espanyola,Sí,No,No,No,No,No,,,,,,,,,,,,,,,,
4/12/2020 16:26:30,Cat,Dona,Espanyola,Sí,Sí,No,No,,Sí,,,,,,,,,,,,,,,,
4/12/2020 16:31:20,Esp,Mujer,Española,No,No,No,No,No,No,,,,,,,,,,,,,,,,
4/12/2020 16:33:11,Esp,Mujer,Española,Sí,Sí,No,No,No,No,,,,,,,,,,,,,,,,
4/12/2020 16:34:40,Esp,Mujer,Española,No,No,No,No,No,No,,,,,,,,,,,,,,,,
4/12/2020 16:37:30,Esp,Mujer,Española,Sí,Sí,No,Sí,No,No,,,,,,,,,,,,,,,,
4/12/2020 16:38:47,Cat,Dona,Espanyola,Sí,No,,No,,No,,,,,,,,,,,,,,,,
4/12/2020 16:40:42,Cat,Dona,Espanyola,Sí,No,No,No,No,No,,,,,,,,,,,,,,,,
4/12/2020 16:47:11,Cat,Dona,Espanyola,Sí,Sí,No,No,,Sí,,,,,,,,,,,,,,,,
4/12/2020 16:59:05,Cat,Dona,Espanyola,Sí,Sí,Sí,No,,Sí,,,,,,,,,,,,,,,,
4/12/2020 17:05:30,Cat,Dona,Espanyola,Sí,No,No,No,No,No,,,,,,,,,,,,,,,,
4/12/2020 17:06:15,Cat,Dona,Espanyola,Sí,Sí,Sí,Sí,Sí,No,,,,,,,,,,,,,,,,
4/12/2020 17:09:13,Cat,Dona,Espanyola,Sí,Sí,Sí,Sí,No,Sí,,,,,,,,,,,,,,,,
4/12/2020 17:12:46,Cat,Dona,Espanyola,Sí,No,,No,,No,,,,,,,,,,,,,,,,
4/12/2020 17:24:43,Cat,Dona,Espanyola,Sí,No,No,Sí,Sí,No,,,,,,,,,,,,,,,,
4/12/2020 17:30:40,Cat,Dona,Espanyola,Sí,Sí,No,Sí,Sí,No,,,,,,,,,,,,,,,,
4/12/2020 17:44:44,Cat,Dona,Espanyola,Sí,Sí,Sí,No,,No,,,,,,,,,,,,,,,,
4/12/2020 17:50:56,Esp,Mujer,Española,Sí,No,,No,,No,,,,,,,,,,,,,,,,
4/12/2020 17:56:57,Cat,Dona,Espanyola,Sí,No,,No,,No,,,,,,,,,,,,,,,,
4/12/2020 17:57:37,Cat,Dona,Espanyola,Sí,No,,No,,No,,,,,,,,,,,,,,,,
4/12/2020 18:10:37,Cat,Dona,Andorrana,Sí,No,,No,,No,,,,,,,,,,,,,,,,
4/12/2020 18:18:43,Cat,Dona,Espanyola,Sí,No,,No,,No,,,,,,,,,,,,,,,,
4/12/2020 18:23:22,Cat,Dona,Espanyola,Sí,Sí,No,Sí,No,Sí,,,,,,,,,,,,,,,,
4/12/2020 18:24:57,Cat,Home,Espanyola,Sí,No,No,No,No,No,,,,,,,,,,,,,,,,
4/12/2020 18:39:14,Esp,Mujer,Española,Sí,Sí,Sí,No,,Sí,,,,,,,,,,,,,,,,
4/12/2020 18:42:32,Cat,Dona,Espanyola,Sí,No,,No,,Sí,,,,,,,,,,,,,,,,
4/12/2020 18:44:48,Cat,Dona,Espanyola,Sí,No,No,No,No,No,,,,,,,,,,,,,,,,
4/12/2020 18:46:50,Cat,Dona,Espanyola,Sí,No,No,No,No,No,,,,,,,,,,,,,,,,
4/12/2020 18:56:50,Cat,Dona,Espanyola,Sí,No,,Sí,No,No,,,,,,,,,,,,,,,,
4/12/2020 19:08:39,Cat,Dona,Espanyola,Sí,No,No,No,,No,,,,,,,,,,,,,,,,
4/12/2020 19:12:09,Cat,Dona,Espanyola,Sí,No,No,No,No,No,,,,,,,,,,,,,,,,
4/12/2020 19:33:51,Cat,Home,Espanyola,No,Sí,No,No,,No,,,,,,,,,,,,,,,,
4/12/2020 19:37:58,Cat,Dona,Espanyola,Sí,Sí,Sí,Sí,Sí,Sí,,,,,,,,,,,,,,,,
4/12/2020 19:42:13,Cat,Dona,Espanyola,Sí,No,,No,,No,,,,,,,,,,,,,,,,
4/12/2020 20:05:34,Cat,Dona,Espanyola,Sí,No,,No,,No,,,,,,,,,,,,,,,,
4/12/2020 20:21:14,Cat,Dona,Espanyola,Sí,No,,No,,No,,,,,,,,,,,,,,,,
4/12/2020 20:23:04,Cat,Dona,Espanyola,Sí,Sí,No,No,,No,,,,,,,,,,,,,,,,
4/12/2020 20:25:15,Cat,No-Binari,Espanyola,Sí,Sí,Sí,Sí,Sí,No,,,,,,,,,,,,,,,,
4/12/2020 20:26:55,Cat,Dona,Espanyola,Sí,Sí,No,Sí,Sí,Sí,,,,,,,,,,,,,,,,
4/12/2020 20:29:41,Cat,Dona,Espanyola,Sí,No,,No,,No,,,,,,,,,,,,,,,,
4/12/2020 20:35:41,Cat,Dona,Espanyola,Sí,No,,No,,No,,,,,,,,,,,,,,,,
4/12/2020 20:36:46,Cat,Dona,Espanyola,Sí,Sí,Sí,Sí,No,Sí,,,,,,,,,,,,,,,,
4/12/2020 20:43:31,Cat,Dona,Espanyola,Sí,Sí,No,Sí,No,No,,,,,,,,,,,,,,,,
4/12/2020 20:45:48,Cat,Home,Espanyola,Sí,No,No,No,No,No,,,,,,,,,,,,,,,,
4/12/2020 20:51:19,Cat,Dona,Espanyola,Sí,No,,No,,No,,,,,,,,,,,,,,,,
4/12/2020 20:53:42,Esp,Mujer,Española,Sí,No,,,,No,,,,,,,,,,,,,,,,
4/12/2020 21:08:18,Esp,Mujer,Argentina,Sí,Sí,Sí,Sí,No,No,,,,,,,,,,,,,,,,
4/12/2020 21:10:30,Cat,Dona,Espanyola,Sí,Sí,No,Sí,No,No,,,,,,,,,,,,,,,,
4/12/2020 21:16:09,Esp,Mujer,Española,Sí,Sí,Sí,Sí,Sí,Sí,,,,,,,,,,,,,,,,
4/12/2020 21:25:36,Cat,Dona,Espanyola,Sí,Sí,No,No,,No,,,,,,,,,,,,,,,,
4/12/2020 21:27:19,Cat,Dona,Espanyola,No,No,,No,,No,,,,,,,,,,,,,,,,
4/12/2020 21:36:30,Esp,Mujer,Española,Sí,Sí,Sí,Sí,Sí,No,,,,,,,,,,,,,,,,
4/12/2020 21:38:31,Cat,Dona,Espanyola,Sí,Sí,Sí,Sí,Sí,Sí,,,,,,,,,,,,,,,,
4/12/2020 21:54:35,Cat,Dona,Espanyola,Sí,No,No,No,,Sí,,,,,,,,,,,,,,,,
4/12/2020 21:57:44,Cat,Dona,Espanyola,Sí,No,,Sí,No,No,,,,,,,,,,,,,,,,
4/12/2020 22:00:46,Cat,Dona,Espanyola,Sí,No,,No,,No,,,,,,,,,,,,,,,,
4/12/2020 22:02:05,Cat,Dona,Espanyola,Sí,No,,No,,No,,,,,,,,,,,,,,,,
4/12/2020 22:07:13,Cat,Dona,Espanyola,Sí,No,,No,,No,,,,,,,,,,,,,,,,
4/12/2020 22:10:05,Cat,Dona,Espanyola,Sí,Sí,Sí,Sí,Sí,Sí,,,,,,,,,,,,,,,,
4/12/2020 22:12:08,Esp,Mujer,Española,Sí,Sí,No,Sí,No,No,,,,,,,,,,,,,,,,
4/12/2020 22:25:45,Cat,Dona,Espanyola,Sí,Sí,No,Sí,No,No,,,,,,,,,,,,,,,,
4/12/2020 22:46:34,Cat,Dona,Espanyola,Sí,Sí,Sí,Sí,Sí,No,,,,,,,,,,,,,,,,
4/12/2020 22:48:52,Cat,Dona,Espanyola,Sí,Sí,No,No,No,No,,,,,,,,,,,,,,,,
4/12/2020 22:55:21,Cat,Dona,Espanyola,Sí,Sí,No,Sí,No,No,,,,,,,,,,,,,,,,
4/12/2020 22:59:09,Cat,Dona,Espanyola,Sí,No,,No,,No,,,,,,,,,,,,,,,,
4/12/2020 23:06:28,Cat,Dona,Espanyola,Sí,No,,No,,No,,,,,,,,,,,,,,,,
4/12/2020 23:06:53,Cat,Dona,Espanyola,Sí,No,,No,,No,,,,,,,,,,,,,,,,
4/12/2020 23:08:51,Cat,Dona,Espanyola,Sí,No,,No,,No,,,,,,,,,,,,,,,,
4/12/2020 23:26:18,Esp,Mujer,Española,Sí,No,No,No,No,No,,,,,,,,,,,,,,,,
5/12/2020 7:02:02,Cat,Dona,Espanyola,Sí,Sí,No,Sí,Sí,Sí,,,,,,,,,,,,,,,,
5/12/2020 7:30:23,Esp,Mujer,Española,No,Sí,Sí,No,,No,,,,,,,,,,,,,,,,
5/12/2020 7:36:08,Esp,Mujer,Española,No,Sí,Sí,Sí,Sí,Sí,,,,,,,,,,,,,,,,
5/12/2020 8:18:19,Cat,Dona,Espanyola,Sí,No,No,No,No,Sí,,,,,,,,,,,,,,,,
5/12/2020 8:19:00,Esp,Mujer,Española,Sí,No,No,No,No,No,,,,,,,,,,,,,,,,
5/12/2020 9:07:33,Cat,Dona,Espanyola,No,Sí,No,Sí,No,No,,,,,,,,,,,,,,,,
5/12/2020 9:25:43,Esp,Mujer,Española,Sí,No,,No,,No,,,,,,,,,,,,,,,,
5/12/2020 10:00:58,Cat,Home,Espanyola,No,Sí,No,No,,No,,,,,,,,,,,,,,,,
5/12/2020 10:05:05,Cat,Dona,Espanyola,Sí,Sí,Sí,Sí,Sí,No,,,,,,,,,,,,,,,,
5/12/2020 11:28:19,Cat,Dona,Espanyola,No,Sí,No,Sí,No,No,,,,,,,,,,,,,,,,
5/12/2020 13:20:27,Cat,Dona,Espanyola,Sí,Sí,Sí,Sí,Sí,No,,,,,,,,,,,,,,,,
5/12/2020 14:09:16,Cat,Dona,Espanyola,Sí,Sí,No,No,Sí,Sí,,,,,,,,,,,,,,,,
5/12/2020 17:20:20,Cat,Dona,Catalana,Sí,No,,No,,No,,,,,,,,,,,,,,,,
5/12/2020 20:00:05,Cat,Dona,Catalana,Sí,Sí,No,No,No,No,,,,,,,,,,,,,,,,
5/12/2020 21:02:33,Cat,Dona,Espanyola,Sí,Sí,Sí,No,,No,,,,,,,,,,,,,,,,
6/12/2020 7:36:40,Cat,Dona,Espanyola,Sí,Sí,Sí,No,,Sí,,,,,,,,,,,,,,,,
6/12/2020 9:40:02,Esp,Mujer,Española,Sí,No,,No,,No,,,,,,,,,,,,,,,,
6/12/2020 15:21:09,Cat,Dona,Espanyola,Sí,Sí,Sí,Sí,No,No,,,,,,,,,,,,,,,,
6/12/2020 15:25:01,Cat,Dona,Espanyola,Sí,Sí,No,No,,No,,,,,,,,,,,,,,,,
6/12/2020 21:56:41,Cat,Dona,Espanyola,Sí,Sí,Sí,No,,Sí,,,,,,,,,,,,,,,,
7/12/2020 9:14:30,Cat,Dona,Espanyola,Sí,No,,No,,No,,,,,,,,,,,,,,,,
7/12/2020 11:14:24,Cat,Dona,Catalana,Sí,Sí,Sí,Sí,Sí,No,,,,,,,,,,,,,,,,
7/12/2020 18:55:47,Eng,Female,India,Yes,Yes,Yes,Yes,Yes,Yes,,,,,,,,,,,,,,,,
7/12/2020 21:02:36,Cat,Dona,Espanyola,Sí,No,,No,,No,,,,,,,,,,,,,,,,
7/12/2020 22:07:17,Cat,Dona,Espanyola,Sí,No,,No,,No,,,,,,,,,,,,,,,,
8/12/2020 10:37:46,Cat,Dona,Espanyola,No,Sí,No,Sí,No,No,,,,,,,,,,,,,,,,
8/12/2020 10:37:51,Cat,Dona,Catalana,No,Sí,No,Sí,No,No,,,,,,,,,,,,,,,,
8/12/2020 11:00:57,Cat,Dona,Espanyola,Sí,Sí,No,No,No,No,,,,,,,,,,,,,,,,
8/12/2020 11:01:24,Cat,Dona,Espanyola,Sí,No,,Sí,No,No,,,,,,,,,,,,,,,,
8/12/2020 12:06:22,Esp,Mujer,Española,Sí,No,,Sí,No,No,,,,,,,,,,,,,,,,
8/12/2020 13:37:28,Cat,Dona,Espanyola,Sí,Sí,Sí,Sí,No,Sí,,,,,,,,,,,,,,,,
8/12/2020 13:46:33,Cat,Dona,Espanyola,Sí,Sí,No,No,,No,,,,,,,,,,,,,,,,
8/12/2020 16:44:19,Cat,Dona,Espanyola,Sí,No,,No,,No,,,,,,,,,,,,,,,,
8/12/2020 16:48:32,Esp,Mujer,Española,No,No,,No,,No,,,,,,,,,,,,,,,,
8/12/2020 16:49:49,Cat,Dona,Espanyola,Sí,Sí,No,Sí,Sí,Sí,,,,,,,,,,,,,,,,
8/12/2020 16:51:02,Esp,Mujer,Española,No,No,,No,,Sí,,,,,,,,,,,,,,,,
8/12/2020 16:52:08,Esp,Mujer,Española,Sí,No,No,No,No,No,,,,,,,,,,,,,,,,
8/12/2020 16:57:48,Cat,Dona,Espanyola,No,No,,No,,No,,,,,,,,,,,,,,,,
8/12/2020 16:59:41,Cat,Dona,Espanyola,Sí,Sí,No,No,,No,,,,,,,,,,,,,,,,
8/12/2020 17:10:08,Cat,Dona,Espanyola,Sí,Sí,No,No,,No,,,,,,,,,,,,,,,,
8/12/2020 18:48:17,Cat,Dona,Espanyola,Sí,No,No,No,No,No,,,,,,,,,,,,,,,,
8/12/2020 18:50:42,Cat,Dona,Espanyola,Sí,No,,No,,No,,,,,,,,,,,,,,,,
8/12/2020 18:58:05,Cat,Dona,Espanyola,Sí,No,No,Sí,Sí,No,,,,,,,,,,,,,,,,
8/12/2020 19:39:12,Cat,Dona,Espanyola,Sí,Sí,No,No,,Sí,,,,,,,,,,,,,,,,
8/12/2020 19:48:52,Cat,Dona,Espanyola,Sí,No,,No,,No,,,,,,,,,,,,,,,,
8/12/2020 19:53:50,Cat,Dona,Espanyola,Sí,Sí,Sí,No,,No,,,,,,,,,,,,,,,,
8/12/2020 21:09:36,Cat,Dona,Espanyola,Sí,Sí,Sí,Sí,Sí,No,,,,,,,,,,,,,,,,
8/12/2020 21:12:49,Cat,Dona,Espanyola,Sí,Sí,Sí,Sí,Sí,Sí,,,,,,,,,,,,,,,,
8/12/2020 21:55:37,Cat,Dona,Espanyola,Sí,Sí,No,No,No,No,,,,,,,,,,,,,,,,
8/12/2020 22:34:46,Cat,Dona,Espanyola,Sí,No,,No,,No,,,,,,,,,,,,,,,,
9/12/2020 0:43:49,Cat,Dona,Espanyola,Sí,Sí,No,No,No,Sí,,,,,,,,,,,,,,,,
9/12/2020 8:54:59,Cat,Dona,Espanyola,No,No,,No,,No,,,,,,,,,,,,,,,,
9/12/2020 10:27:40,Cat,Dona,Espanyola,No,No,No,No,,No,,,,,,,,,,,,,,,,
9/12/2020 10:46:48,Cat,Dona,Espanyola,Sí,Sí,No,No,,Sí,,,,,,,,,,,,,,,,
9/12/2020 10:51:28,Esp,Mujer,Española,No,Sí,No,Sí,Sí,Sí,,,,,,,,,,,,,,,,
9/12/2020 13:04:59,Cat,Dona,Espanyola,Sí,Sí,Sí,No,,Sí,,,,,,,,,,,,,,,,
9/12/2020 14:21:53,Esp,Mujer,Española,Sí,Sí,No,No,,No,,,,,,,,,,,,,,,,
11/12/2020 18:23:31,Cat,Dona,Espanyola,Sí,No,,No,,No,,,,,,,,,,,,,,,,
12/12/2020 10:00:30,Cat,Dona,Espanyola,Sí,Sí,Sí,No,No,Sí,,,,,,,,,,,,,,,,
12/12/2020 12:30:20,Cat,Dona,Espanyola,Sí,Sí,Sí,Sí,No,Sí,,,,,,,,,,,,,,,,
12/12/2020 14:58:39,Cat,Dona,Espanyola,Sí,Sí,No,Sí,No,No,,,,,,,,,,,,,,,,
13/12/2020 11:06:37,Cat,Dona,Espanyola,Sí,Sí,Sí,No,,No,,,,,,,,,,,,,,,,
14/12/2020 14:38:21,Eng,Female,Indian,Yes,Yes,Yes,Yes,Yes,Yes,,,,,,,,,,,,,,,,
14/12/2020 14:49:51,Esp,Mujer,Española,Sí,Sí,Sí,No,No,Sí,,,,,,,,,,,,,,,,
14/12/2020 17:48:10,Cat,Dona,Espanyola,Sí,Sí,Sí,Sí,Sí,No,,,,,,,,,,,,,,,,
14/12/2020 17:53:52,Cat,Dona,Espanyola,Sí,Sí,Sí,No,,Sí,,,,,,,,,,,,,,,,
14/12/2020 19:47:54,Cat,Dona,Espanyola,No,Sí,No,No,No,No,,,,,,,,,,,,,,,,
14/12/2020 19:49:35,Esp,Mujer,Española,Sí,Sí,Sí,No,,No,,,,,,,,,,,,,,,,
14/12/2020 20:07:54,Cat,Home,Espanyola,Sí,Sí,Sí,Sí,No,Sí,,,,,,,,,,,,,,,,
14/12/2020 20:09:19,Esp,Hombre,Española,Sí,Sí,Sí,No,,No,,,,,,,,,,,,,,,,
14/12/2020 20:13:48,Cat,Dona,Espanyola,Sí,Sí,Sí,Sí,Sí,Sí,,,,,,,,,,,,,,,,
14/12/2020 20:24:58,Esp,Mujer,Española,Sí,No,,No,,No,,,,,,,,,,,,,,,,
14/12/2020 20:48:42,Esp,Mujer,Española,No,Sí,No,No,,Sí,,,,,,,,,,,,,,,,
15/12/2020 10:57:33,Cat,Dona,Espanyola,Sí,Sí,No,Sí,No,No,,,,,,,,,,,,,,,,
15/12/2020 11:34:07,Cat,Dona,Espanyola,Sí,Sí,Sí,Sí,No,Sí,,,,,,,,,,,,,,,,
15/12/2020 13:42:02,Cat,Dona,Espanyola,Sí,No,,No,,No,,,,,,,,,,,,,,,,
15/12/2020 16:06:20,Esp,Mujer,Española,Sí,Sí,Sí,Sí,No,No,,,,,,,,,,,,,,,,
15/12/2020 16:07:23,Esp,Mujer,Española,Sí,No,,No,,No,,,,,,,,,,,,,,,,
15/12/2020 16:38:00,Cat,Dona,Espanyola,No,No,,Sí,No,No,,,,,,,,,,,,,,,,
15/12/2020 17:05:25,Esp,Hombre,Española,Sí,Sí,No,Sí,No,No,,,,,,,,,,,,,,,,
15/12/2020 17:08:57,Cat,Dona,Espanyola,Sí,Sí,No,Sí,No,No,,,,,,,,,,,,,,,,
15/12/2020 17:16:19,Cat,Home,Espanyola,Sí,Sí,No,Sí,No,No,,,,,,,,,,,,,,,,
15/12/2020 17:39:14,Esp,Mujer,Española,No,No,,No,,No,,,,,,,,,,,,,,,,
15/12/2020 18:54:25,Esp,Hombre,Española,Sí,Sí,No,No,No,No,,,,,,,,,,,,,,,,
15/12/2020 19:03:53,Cat,Home,Espanyola,Sí,Sí,No,No,No,No,,,,,,,,,,,,,,,,
15/12/2020 20:17:22,Cat,Home,Espanyola,Sí,Sí,Sí,Sí,No,No,,,,,,,,,,,,,,,,
15/12/2020 20:30:52,Cat,Home,Catalana,No,No,,No,,Sí,,,,,,,,,,,,,,,,
15/12/2020 20:44:07,Eng,Female,Spanish,No,Yes,No,No,No,Yes,,,,,,,,,,,,,,,,
15/12/2020 20:45:43,Cat,Home,Espanyola,Sí,Sí,Sí,Sí,No,Sí,,,,,,,,,,,,,,,,
15/12/2020 20:51:09,Cat,Dona,Espanyola,Sí,Sí,Sí,Sí,No,Sí,,,,,,,,,,,,,,,,
15/12/2020 21:04:31,Cat,Dona,Espanyola,No,No,,No,,No,,,,,,,,,,,,,,,,
15/12/2020 21:24:43,Cat,Dona,Espanyola,Sí,No,,No,,No,,,,,,,,,,,,,,,,
15/12/2020 21:49:34,Cat,Dona,Espanyola,Sí,No,No,No,No,No,,,,,,,,,,,,,,,,
15/12/2020 21:51:04,Cat,Dona,Espanyola,Sí,No,No,Sí,No,No,,,,,,,,,,,,,,,,
15/12/2020 21:51:18,Esp,Mujer,Española,No,No,,No,,No,,,,,,,,,,,,,,,,
15/12/2020 21:51:42,Cat,Dona,Espanyola,No,Sí,No,Sí,No,Sí,,,,,,,,,,,,,,,,
15/12/2020 21:52:43,Cat,Dona,Espanyola,Sí,Sí,No,Sí,No,No,,,,,,,,,,,,,,,,
15/12/2020 21:54:50,Cat,No-Binari,Espanyola,Sí,Sí,Sí,Sí,Sí,Sí,,,,,,,,,,,,,,,,
15/12/2020 22:02:26,Cat,Dona,Espanyola,No,No,No,No,No,No,,,,,,,,,,,,,,,,
15/12/2020 22:06:19,Cat,Home,Espanyola,Sí,Sí,No,No,No,Sí,,,,,,,,,,,,,,,,
15/12/2020 22:38:05,Cat,Dona,Espanyola,Sí,No,No,Sí,No,No,,,,,,,,,,,,,,,,
15/12/2020 22:47:51,Esp,Mujer,Española,No,No,No,No,No,No,,,,,,,,,,,,,,,,
16/12/2020 0:05:11,Esp,Hombre,Española,Sí,Sí,Sí,Sí,No,Sí,,,,,,,,,,,,,,,,
16/12/2020 0:12:21,Cat,Dona,Espanyola,Sí,No,,No,,No,,,,,,,,,,,,,,,,
16/12/2020 6:18:51,Esp,Mujer,Española,Sí,Sí,Sí,Sí,Sí,Sí,,,,,,,,,,,,,,,,
16/12/2020 12:27:03,Esp,Hombre,Española,Sí,Sí,Sí,Sí,Sí,Sí,,,,,,,,,,,,,,,,
16/12/2020 12:40:13,Eng,Female,Polish,Yes,Yes,Yes,Yes,Yes,Yes,,,,,,,,,,,,,,,,
16/12/2020 13:40:09,Cat,Home,Espanyola,No,No,,No,,No,,,,,,,,,,,,,,,,
16/12/2020 16:15:32,Esp,Hombre,Española,Sí,Sí,No,Sí,No,No,,,,,,,,,,,,,,,,
16/12/2020 16:16:16,Eng,Female,German,No,No,No,No,No,Yes,,,,,,,,,,,,,,,,
16/12/2020 16:17:36,Esp,Hombre,Española,Sí,Sí,No,Sí,No,No,,,,,,,,,,,,,,,,
16/12/2020 16:54:07,Esp,Hombre,Española,Sí,Sí,No,Sí,No,Sí,,,,,,,,,,,,,,,,
16/12/2020 17:13:14,Eng,Male,Finnish,Yes,Yes,Yes,Yes,Yes,Yes,,,,,,,,,,,,,,,,
16/12/2020 20:39:21,Cat,Home,Espanyola,Sí,Sí,Sí,Sí,No,Sí,,,,,,,,,,,,,,,,
16/12/2020 20:40:54,Cat,Home,Espanyola,No,Sí,No,Sí,No,No,,,,,,,,,,,,,,,,
16/12/2020 20:45:28,Cat,Home,Espanyola,Sí,Sí,No,Sí,No,No,,,,,,,,,,,,,,,,
16/12/2020 20:57:37,Cat,Home,Espanyola,Sí,Sí,Sí,Sí,No,No,,,,,,,,,,,,,,,,
16/12/2020 20:58:28,Cat,Home,Espanyola,Sí,Sí,Sí,Sí,No,Sí,,,,,,,,,,,,,,,,
16/12/2020 21:15:10,Cat,Home,Espanyola,Sí,No,Sí,No,No,No,,,,,,,,,,,,,,,,
16/12/2020 21:20:57,Eng,Female,Italy,Yes,No,No,Yes,No,No,,,,,,,,,,,,,,,,
16/12/2020 21:51:14,Esp,Mujer,Española,No,Sí,Sí,Sí,No,Sí,,,,,,,,,,,,,,,,
16/12/2020 21:51:39,Eng,Female,German,Yes,Yes,Yes,Yes,Yes,Yes,,,,,,,,,,,,,,,,
16/12/2020 22:43:25,Cat,Dona,Espanyola,Sí,Sí,No,Sí,No,No,,,,,,,,,,,,,,,,
16/12/2020 22:46:28,Esp,Mujer,Española,Sí,Sí,No,No,No,No,,,,,,,,,,,,,,,,
17/12/2020 10:37:32,Cat,Home,Espanyola,Sí,Sí,No,,,No,,,,,,,,,,,,,,,,
17/12/2020 20:44:11,Cat,Dona,Espanyola,Sí,Sí,No,Sí,No,No,,,,,,,,,,,,,,,,
20/12/2020 9:48:06,Esp,Mujer,Española,Sí,Sí,No,No,,No,,,,,,,,,,,,,,,,
20/12/2020 12:09:04,Esp,Mujer,Española,No,Sí,Sí,Sí,Sí,No,,,,,,,,,,,,,,,,
20/12/2020 13:16:43,Esp,Hombre,Española,Sí,No,No,No,No,No,,,,,,,,,,,,,,,,
20/12/2020 20:42:26,Cat,Dona,Espanyola,Sí,Sí,No,Sí,Sí,Sí,,,,,,,,,,,,,,,,
20/12/2020 20:45:57,Cat,Dona,Espanyola,No,Sí,No,Sí,No,No,,,,,,,,,,,,,,,,
20/12/2020 20:55:49,Esp,Mujer,Española,No,Sí,No,,No,Sí,,,,,,,,,,,,,,,,
20/12/2020 21:02:37,Cat,Dona,Espanyola,No,Sí,No,No,,No,,,,,,,,,,,,,,,,
20/12/2020 21:18:41,Cat,Home,Catalana,Sí,Sí,Sí,No,,Sí,,,,,,,,,,,,,,,,
20/12/2020 21:25:57,Cat,Dona,Espanyola,Sí,Sí,No,Sí,No,No,,,,,,,,,,,,,,,,
20/12/2020 21:47:03,Cat,Dona,Espanyola,Sí,No,,No,,No,,,,,,,,,,,,,,,,
20/12/2020 21:53:21,Esp,Mujer,Española,Sí,Sí,Sí,No,No,Sí,,,,,,,,,,,,,,,,
20/12/2020 22:14:43,Cat,Dona,catalana,Sí,Sí,No,No,,Sí,,,,,,,,,,,,,,,,
20/12/2020 23:21:30,Cat,Dona,Espanyola,Sí,Sí,Sí,Sí,Sí,No,,,,,,,,,,,,,,,,
21/12/2020 0:18:56,Esp,Mujer,Española,Sí,Sí,No,No,,No,,,,,,,,,,,,,,,,
21/12/2020 10:54:41,Esp,Mujer,Española,Sí,Sí,Sí,No,,No,,,,,,,,,,,,,,,,
21/12/2020 18:22:09,Cat,Dona,Espanyola,Sí,No,No,No,No,No,,,,,,,,,,,,,,,,
21/12/2020 23:16:32,Cat,Dona,Espanyola,Sí,Sí,No,Sí,No,Sí,,,,,,,,,,,,,,,,
21/12/2020 23:22:11,Esp,Mujer,Española,Sí,Sí,No,No,,Sí,,,,,,,,,,,,,,,,
22/12/2020 14:16:13,Cat,Dona,Catalana,Sí,Sí,Sí,Sí,Sí,No,,,,,,,,,,,,,,,,
22/12/2020 18:24:04,Cat,Dona,Espanyola,Sí,Sí,No,No,,No,,,,,,,,,,,,,,,,
23/12/2020 11:13:58,Cat,Dona,Espanyola,Sí,Sí,No,No,,No,,,,,,,,,,,,,,,,
28/12/2020 14:57:18,Cat,Dona,Catalana,Sí,No,No,No,No,No,,,,,,,,,,,,,,,,
28/12/2020 15:27:24,Esp,Mujer,Española,Sí,Sí,Sí,Sí,Sí,No,,,,,,,,,,,,,,,,
28/12/2020 17:09:27,Cat,Home,Espanyola,Sí,Sí,Sí,No,No,Sí,,,,,,,,,,,,,,,,
28/12/2020 18:35:53,Cat,Dona,Espanyola,Sí,Sí,Sí,No,,No,,,,,,,,,,,,,,,,
28/12/2020 20:53:10,Cat,Dona,Espanyola,Sí,Sí,No,No,No,No,,,,,,,,,,,,,,,,
30/12/2020 12:52:21,Cat,Dona,Espanyola,Sí,Sí,No,Sí,No,No,,,,,,,,,,,,,,,,
31/12/2020 9:49:15,Cat,Dona,Espanyola,Sí,Sí,Sí,Sí,Sí,No,,,,,,,,,,,,,,,,
31/12/2020 14:44:44,Cat,Dona,Espanyola,Sí,Sí,No,Sí,No,Sí,,,,,,,,,,,,,,,,
5/01/2021 9:38:34,Cat,Dona,Espanyola,Sí,Sí,No,No,,Sí,,,,,,,,,,,,,,,,
7/01/2021 13:29:24,Cat,Home,Espanyola,No,Sí,No,Sí,No,Sí,,,,,,,,,,,,,,,,
9/01/2021 12:22:03,Cat,Dona,Espanyola,Sí,Sí,No,Sí,No,No,,,,,,,,,,,,,,,,
9/01/2021 12:22:34,Cat,Dona,Espanyola,Sí,Sí,Sí,Sí,Sí,No,,,,,,,,,,,,,,,,
9/01/2021 13:02:09,Cat,Home,Espanyola,Sí,No,No,No,,No,,,,,,,,,,,,,,,,
9/01/2021 14:06:02,Cat,Home,Espanyola,Sí,No,,No,,No,,,,,,,,,,,,,,,,
9/01/2021 17:56:21,Esp,Mujer,Española,Sí,No,,No,,No,,,,,,,,,,,,,,,,
9/01/2021 22:50:46,Cat,Home,Italiá,Sí,No,,No,,No,,,,,,,,,,,,,,,,
9/01/2021 23:19:04,Cat,Home,Espanyola,Sí,No,No,No,No,No,,,,,,,,,,,,,,,,
10/01/2021 8:30:44,Cat,Home,Espanyola,Sí,No,,No,,No,,,,,,,,,,,,,,,,
22/02/2021 19:32:08,Cat,Home,Espanyola,Sí,Sí,Sí,No,,No,,,,,,,,,,,,,,,,
22/02/2021 19:46:55,Cat,Dona,Catalana,Sí,No,,No,,No,,,,,,,,,,,,,,,,
22/02/2021 20:01:42,Cat,Home,Espanyola,Sí,Sí,Sí,Sí,Sí,No,,,,,,,,,,,,,,,,
22/02/2021 20:08:56,Cat,Dona,Espanyola,No,Sí,No,No,,Sí,,,,,,,,,,,,,,,,
22/02/2021 20:14:02,Cat,Home,Espanyola,Sí,No,,No,,No,,,,,,,,,,,,,,,,
22/02/2021 20:19:21,Cat,Home,Espanyola,Sí,No,,No,,No,,,,,,,,,,,,,,,,
22/02/2021 20:21:30,Cat,Dona,Espanyola,Sí,No,,No,,No,,,,,,,,,,,,,,,,
22/02/2021 20:26:06,Cat,Home,Catalana,Sí,No,No,No,No,No,,,,,,,,,,,,,,,,
22/02/2021 20:29:05,Cat,Home,Espanyola,No,No,No,No,No,No,,,,,,,,,,,,,,,,
22/02/2021 20:46:34,Cat,Dona,Espanyola,No,No,,No,,No,,,,,,,,,,,,,,,,
22/02/2021 20:47:00,Cat,Dona,Espanyola,No,Sí,No,Sí,No,Sí,,,,,,,,,,,,,,,,
22/02/2021 20:53:09,Esp,,,,,,,,,Mujer,Española,No,No,No,No,No,Sí,,,,,,,,
22/02/2021 21:06:33,Esp,,,,,,,,,Mujer,Española,No,Sí,No,Sí,No,Sí,,,,,,,,
22/02/2021 21:10:59,Cat,Dona,Espanyola,No,No,,No,,No,,,,,,,,,,,,,,,,
22/02/2021 21:13:45,Esp,,,,,,,,,Mujer,Española,No,Sí,Sí,Sí,Sí,No,,,,,,,,
22/02/2021 21:15:04,Cat,Dona,Espanyola,No,Sí,No,Sí,No,No,,,,,,,,,,,,,,,,
22/02/2021 21:16:31,Esp,,,,,,,,,Hombre,Española,Sí,Sí,No,No,No,No,,,,,,,,
22/02/2021 21:21:56,Cat,Home,Espanyola,Sí,Sí,No,Sí,No,No,,,,,,,,,,,,,,,,
22/02/2021 21:47:23,Esp,,,,,,,,,Mujer,Española,No,No,No,No,No,No,,,,,,,,
22/02/2021 21:54:31,Cat,Home,Espanyola,Sí,Sí,No,Sí,No,No,,,,,,,,,,,,,,,,
22/02/2021 21:54:52,Esp,,,,,,,,,Mujer,Española,No,Sí,Sí,Sí,No,No,,,,,,,,
22/02/2021 22:12:26,Cat,Home,Espanyola,Sí,Sí,No,No,,No,,,,,,,,,,,,,,,,
22/02/2021 22:18:50,Cat,Home,Espanyola,Sí,Sí,Sí,Sí,No,No,,,,,,,,,,,,,,,,
22/02/2021 22:20:00,Esp,,,,,,,,,Mujer,Española,No,Sí,No,No,No,No,,,,,,,,
22/02/2021 22:23:55,Cat,Home,Espanyola,Sí,Sí,Sí,No,,Sí,,,,,,,,,,,,,,,,
22/02/2021 22:50:48,Cat,Home,Espanyola,Sí,Sí,Sí,Sí,Sí,Sí,,,,,,,,,,,,,,,,
22/02/2021 22:57:33,Esp,,,,,,,,,Hombre,Española,Sí,No,No,No,No,No,,,,,,,,
22/02/2021 23:05:22,Cat,Dona,Espanyola,No,No,,No,,No,,,,,,,,,,,,,,,,
22/02/2021 23:05:33,Cat,Home,Espanyola,No,No,,No,,Sí,,,,,,,,,,,,,,,,
22/02/2021 23:06:56,Cat,Home,Espanyola,Sí,No,,No,,No,,,,,,,,,,,,,,,,
22/02/2021 23:08:02,Cat,Dona,Espanyola,No,Sí,No,No,,Sí,,,,,,,,,,,,,,,,
22/02/2021 23:17:24,Cat,Dona,Espanyola,Sí,Sí,No,Sí,No,No,,,,,,,,,,,,,,,,
22/02/2021 23:19:52,Cat,Dona,Espanyola,No,No,No,No,No,No,,,,,,,,,,,,,,,,
22/02/2021 23:44:43,Cat,Home,Espanyola,Sí,No,,No,,No,,,,,,,,,,,,,,,,
22/02/2021 23:46:17,Esp,,,,,,,,,Mujer,Española,Sí,Sí,Sí,Sí,No,No,,,,,,,,
23/02/2021 0:07:44,Cat,Home,Espanyola,Sí,No,,No,,No,,,,,,,,,,,,,,,,
23/02/2021 0:13:02,Esp,,,,,,,,,Hombre,Española,Sí,No,,No,,No,,,,,,,,
23/02/2021 0:34:45,Cat,Dona,Espanyola,Sí,No,,No,,No,,,,,,,,,,,,,,,,
23/02/2021 0:43:57,Cat,Home,Espanyola,No,Sí,No,No,No,No,,,,,,,,,,,,,,,,
23/02/2021 2:39:05,Esp,,,,,,,,,Hombre,Mexicana,Sí,Sí,Sí,Sí,Sí,No,,,,,,,,
23/02/2021 6:11:50,Cat,Home,Espanyola,Sí,Sí,Sí,No,,No,,,,,,,,,,,,,,,,
23/02/2021 6:17:26,Cat,Dona,Espanyola,Sí,Sí,No,Sí,No,No,,,,,,,,,,,,,,,,
23/02/2021 6:24:38,Cat,Home,Espanyola,Sí,Sí,Sí,Sí,No,Sí,,,,,,,,,,,,,,,,
23/02/2021 6:41:06,Cat,Home,Espanyola,Sí,No,,No,,No,,,,,,,,,,,,,,,,
23/02/2021 7:14:40,Esp,,,,,,,,,Hombre,Española,Sí,No,,,,No,,,,,,,,
23/02/2021 7:45:11,Esp,,,,,,,,,Hombre,Española,No,No,No,No,No,Sí,,,,,,,,
23/02/2021 7:52:11,Esp,,,,,,,,,Mujer,Española,Sí,Sí,Sí,Sí,Sí,Sí,,,,,,,,
23/02/2021 7:57:27,Cat,Dona,Espanyola,Sí,Sí,Sí,Sí,Sí,Sí,,,,,,,,,,,,,,,,
23/02/2021 7:59:14,Esp,,,,,,,,,Hombre,Española,No,Sí,No,Sí,No,No,,,,,,,,
23/02/2021 8:11:44,Cat,Home,Espanyola,No,No,,No,,No,,,,,,,,,,,,,,,,
23/02/2021 8:30:29,Cat,Home,Espanyola,Sí,Sí,No,No,,No,,,,,,,,,,,,,,,,
23/02/2021 9:20:26,Esp,,,,,,,,,Hombre,Española,Sí,Sí,Sí,Sí,No,Sí,,,,,,,,
23/02/2021 9:30:48,Cat,Dona,Espanyola,Sí,Sí,Sí,Sí,No,Sí,,,,,,,,,,,,,,,,
23/02/2021 9:56:55,Cat,Dona,Espanyola,No,Sí,No,Sí,No,No,,,,,,,,,,,,,,,,
23/02/2021 9:58:49,Cat,Dona,Espanyola,Sí,No,Sí,Sí,Sí,Sí,,,,,,,,,,,,,,,,
23/02/2021 10:01:19,Cat,Dona,Espanyola,No,No,No,No,No,No,,,,,,,,,,,,,,,,
23/02/2021 10:02:16,Cat,Home,Espanyola,Sí,Sí,Sí,Sí,No,No,,,,,,,,,,,,,,,,
23/02/2021 10:16:29,Cat,Home,Catalana,Sí,No,,No,,No,,,,,,,,,,,,,,,,
23/02/2021 10:19:56,Cat,Dona,Espanyola,Sí,Sí,Sí,Sí,Sí,Sí,,,,,,,,,,,,,,,,
23/02/2021 10:41:39,Esp,,,,,,,,,Hombre,Española,Sí,No,No,Sí,No,No,,,,,,,,
23/02/2021 10:42:08,Cat,Home,Espanyola,Sí,Sí,No,,,No,,,,,,,,,,,,,,,,
23/02/2021 10:47:13,Esp,,,,,,,,,Mujer,Española,Sí,Sí,No,Sí,No,Sí,,,,,,,,
23/02/2021 10:51:09,Esp,,,,,,,,,Mujer,Española,No,Sí,No,Sí,No,Sí,,,,,,,,
23/02/2021 10:59:16,Esp,,,,,,,,,Hombre,Española,Sí,No,No,No,No,No,,,,,,,,
23/02/2021 11:24:46,Cat,Dona,Espanyola,No,Sí,No,Sí,Sí,No,,,,,,,,,,,,,,,,
23/02/2021 11:49:40,Cat,Home,Espanyola,Sí,No,,No,,No,,,,,,,,,,,,,,,,
23/02/2021 12:58:45,Esp,,,,,,,,,Mujer,Española,Sí,No,,No,,No,,,,,,,,
23/02/2021 13:08:01,Esp,,,,,,,,,Mujer,Boliviana,No,Sí,Sí,Sí,No,Sí,,,,,,,,
23/02/2021 13:22:34,Cat,No-Binari,Espanyola,Sí,Sí,Sí,Sí,No,Sí,,,,,,,,,,,,,,,,
23/02/2021 13:26:54,Cat,Home,Espanyola,Sí,Sí,No,No,,No,,,,,,,,,,,,,,,,
23/02/2021 13:31:54,Esp,,,,,,,,,Hombre,Española,Sí,No,No,Sí,No,No,,,,,,,,
23/02/2021 14:17:39,Esp,,,,,,,,,Hombre,Española,Sí,Sí,Sí,Sí,Sí,Sí,,,,,,,,
23/02/2021 14:29:03,Cat,Home,Espanyola,Sí,Sí,No,No,,No,,,,,,,,,,,,,,,,
23/02/2021 15:42:47,Cat,Dona,Espanyola,Sí,No,No,Sí,Sí,Sí,,,,,,,,,,,,,,,,
23/02/2021 16:35:25,Esp,,,,,,,,,Hombre,Española,Sí,Sí,Sí,Sí,No,No,,,,,,,,
23/02/2021 16:57:48,Cat,Dona,Espanyola,Sí,No,,No,,No,,,,,,,,,,,,,,,,
23/02/2021 18:19:16,Cat,Home,Espanyola,Sí,Sí,Sí,No,,Sí,,,,,,,,,,,,,,,,
23/02/2021 19:56:05,Cat,Dona,Espanyola,No,No,No,No,No,Sí,,,,,,,,,,,,,,,,
23/02/2021 21:31:29,Cat,Dona,Espanyola,Sí,No,,No,,No,,,,,,,,,,,,,,,,
24/02/2021 6:56:14,Cat,Home,Espanyola,Sí,No,,No,,No,,,,,,,,,,,,,,,,
24/02/2021 9:09:30,Cat,Dona,Espanyola,No,No,No,No,No,No,,,,,,,,,,,,,,,,
24/02/2021 9:13:02,Cat,Home,Espanyola,Sí,Sí,Sí,No,Sí,No,,,,,,,,,,,,,,,,
24/02/2021 12:50:28,Esp,,,,,,,,,Mujer,Española,Sí,Sí,Sí,Sí,Sí,No,,,,,,,,
24/02/2021 16:39:37,Esp,,,,,,,,,Mujer,Colombiana,Sí,Sí,No,No,No,Sí,,,,,,,,
24/02/2021 21:36:13,Esp,,,,,,,,,Hombre,Española,Sí,Sí,Sí,No,,Sí,,,,,,,,
24/02/2021 22:57:33,Eng,,,,,,,,,,,,,,,,,Female,USA,Yes,No,Yes,Yes,Yes,Yes
24/02/2021 23:27:59,Esp,,,,,,,,,Mujer,Española,Sí,Sí,No,Sí,Sí,Sí,,,,,,,,
25/02/2021 9:29:21,Cat,Dona,Espanyola,Sí,Sí,Sí,No,No,Sí,,,,,,,,,,,,,,,,
25/02/2021 16:40:00,Esp,,,,,,,,,Hombre,Española,Sí,No,,No,,No,,,,,,,,
26/02/2021 9:41:27,Cat,Home,Català,No,No,,No,,No,,,,,,,,,,,,,,,,
26/02/2021 9:42:06,Cat,Home,Espanyola,Sí,Sí,Sí,Sí,No,No,,,,,,,,,,,,,,,,
26/02/2021 9:47:11,Cat,Home,Espanyola,Sí,No,,No,,No,,,,,,,,,,,,,,,,
26/02/2021 10:02:00,Cat,Home,Espanyola,Sí,Sí,Sí,Sí,Sí,Sí,,,,,,,,,,,,,,,,
26/02/2021 10:18:20,Cat,Home,Puta espanyola,Sí,No,,No,,Sí,,,,,,,,,,,,,,,,
26/02/2021 10:31:22,Cat,Home,Espanyola,No,No,No,No,No,No,,,,,,,,,,,,,,,,
26/02/2021 10:32:11,Esp,,,,,,,,,Hombre,Española,Sí,Sí,Sí,Sí,Sí,Sí,,,,,,,,
26/02/2021 10:40:42,Cat,Dona,Espanyola,Sí,Sí,Sí,No,,No,,,,,,,,,,,,,,,,
26/02/2021 10:40:53,Cat,Home,Espanyola,Sí,Sí,Sí,No,No,No,,,,,,,,,,,,,,,,
26/02/2021 10:48:26,Cat,Dona,Espanyola,No,Sí,Sí,Sí,No,No,,,,,,,,,,,,,,,,
26/02/2021 10:58:15,Cat,Home,Espanyola,Sí,No,,Sí,Sí,No,,,,,,,,,,,,,,,,
26/02/2021 11:05:26,Cat,Dona,Espanyola,No,Sí,No,Sí,No,No,,,,,,,,,,,,,,,,
26/02/2021 11:14:26,Cat,Dona,Espanyola,Sí,No,,Sí,No,No,,,,,,,,,,,,,,,,
26/02/2021 11:31:06,Cat,Home,Espanyola,Sí,No,,No,,No,,,,,,,,,,,,,,,,
26/02/2021 11:42:56,Cat,Home,Espanyola,Sí,Sí,No,Sí,No,No,,,,,,,,,,,,,,,,
26/02/2021 11:59:13,Cat,Home,Espanyola,Sí,No,,No,,No,,,,,,,,,,,,,,,,
26/02/2021 12:03:07,Cat,Home,Espanyola,Sí,Sí,No,Sí,No,No,,,,,,,,,,,,,,,,
26/02/2021 12:49:09,Cat,Dona,Espanyola,Sí,Sí,No,No,,No,,,,,,,,,,,,,,,,
26/02/2021 14:47:42,Cat,Home,Espanyola,Sí,No,No,No,,Sí,,,,,,,,,,,,,,,,
26/02/2021 14:53:04,Cat,Home,Espanyola,Sí,No,No,No,No,No,,,,,,,,,,,,,,,,
26/02/2021 17:35:10,Cat,Home,Espanyola,Sí,Sí,No,Sí,No,No,,,,,,,,,,,,,,,,
26/02/2021 19:51:05,Cat,Dona,Espanyola,Sí,No,No,No,No,No,,,,,,,,,,,,,,,,
27/02/2021 0:17:51,Esp,,,,,,,,,Hombre,Española,Sí,No,,No,,No,,,,,,,,
27/02/2021 5:08:43,Cat,Dona,Espanyola,Sí,Sí,No,Sí,No,No,,,,,,,,,,,,,,,,
27/02/2021 8:55:30,Cat,Dona,Espanyola,Sí,No,,Sí,Sí,No,,,,,,,,,,,,,,,,
27/02/2021 10:29:51,Cat,Dona,Espanyola,Sí,No,No,No,No,No,,,,,,,,,,,,,,,,
27/02/2021 10:34:09,Cat,Dona,Espanyola,No,Sí,No,Sí,No,No,,,,,,,,,,,,,,,,
28/02/2021 12:36:22,Cat,Dona,Espanyola,Sí,Sí,Sí,Sí,No,Sí,,,,,,,,,,,,,,,,
28/02/2021 21:36:19,Cat,Dona,Espanyola,No,Sí,No,No,,No,,,,,,,,,,,,,,,,
28/02/2021 21:36:33,Esp,,,,,,,,,Mujer,Española,Sí,No,No,No,No,No,,,,,,,,
28/02/2021 21:42:17,Cat,Dona,Espanyola,Sí,No,,No,,No,,,,,,,,,,,,,,,,
28/02/2021 22:17:26,Cat,Home,Espanyola,Sí,Sí,Sí,Sí,Sí,No,,,,,,,,,,,,,,,,
28/02/2021 23:11:27,Cat,Home,Espanyola,Sí,No,,No,,No,,,,,,,,,,,,,,,,
1/03/2021 0:10:14,Cat,Dona,Espanyola,No,No,No,No,No,No,,,,,,,,,,,,,,,,
1/03/2021 16:27:04,Esp,,,,,,,,,Hombre,Española,Sí,No,No,No,No,No,,,,,,,,
1/03/2021 19:47:37,Cat,Home,Espanyola,No,Sí,No,Sí,No,No,,,,,,,,,,,,,,,,
2/03/2021 9:01:52,Cat,Home,Espanyola,Sí,No,,No,,No,,,,,,,,,,,,,,,,
2/03/2021 13:45:05,Cat,Dona,Espanyola,Sí,No,,No,,No,,,,,,,,,,,,,,,,
3/03/2021 8:43:00,Cat,Dona,Espanyola,No,Sí,No,Sí,No,No,,,,,,,,,,,,,,,,
3/03/2021 9:06:46,Cat,Dona,Espanyola,No,Sí,No,Sí,No,Sí,,,,,,,,,,,,,,,,
3/03/2021 9:25:14,Cat,Home,Espanyola,Sí,Sí,Sí,No,,No,,,,,,,,,,,,,,,,
3/03/2021 10:22:18,Cat,Dona,Espanyola,No,No,,No,,No,,,,,,,,,,,,,,,,
3/03/2021 10:32:26,Cat,Dona,Espanyola,Sí,Sí,No,Sí,Sí,No,,,,,,,,,,,,,,,,
3/03/2021 11:39:15,Cat,Dona,Espanyola,No,Sí,Sí,No,No,No,,,,,,,,,,,,,,,,
3/03/2021 14:30:34,Esp,,,,,,,,,Hombre,Española,Sí,No,,No,,No,,,,,,,,
3/03/2021 15:45:31,Cat,Dona,Espanyola,No,No,,No,,No,,,,,,,,,,,,,,,,
3/03/2021 17:38:49,Cat,Home,Espanyola,Sí,Sí,No,Sí,No,No,,,,,,,,,,,,,,,,
3/03/2021 22:31:03,Cat,Dona,Espanyola,No,Sí,Sí,Sí,No,Sí,,,,,,,,,,,,,,,,
3/03/2021 22:57:47,Esp,,,,,,,,,Mujer,Española,No,No,No,No,No,Sí,,,,,,,,
4/03/2021 15:43:13,Cat,Dona,Espanyola,Sí,No,No,No,No,No,,,,,,,,,,,,,,,,
6/03/2021 9:18:24,Esp,,,,,,,,,Mujer,Española,Sí,Sí,Sí,Sí,Sí,Sí,,,,,,,,
10/03/2021 5:34:20,Cat,Home,Espanyola,Sí,Sí,No,No,No,Sí,,,,,,,,,,,,,,,,
10/03/2021 6:25:45,Cat,Home,Espanyola,Sí,Sí,Sí,Sí,Sí,No,,,,,,,,,,,,,,,,
10/03/2021 7:08:37,Esp,,,,,,,,,Hombre,Española,Sí,Sí,No,Sí,No,Sí,,,,,,,,
10/03/2021 7:10:37,Cat,Home,Espanyola,Sí,Sí,No,Sí,No,No,,,,,,,,,,,,,,,,
10/03/2021 7:12:26,Cat,Home,Espanyola,Sí,No,,No,,No,,,,,,,,,,,,,,,,
10/03/2021 7:23:21,Cat,Home,Espanyola,Sí,Sí,Sí,Sí,Sí,Sí,,,,,,,,,,,,,,,,
10/03/2021 7:31:31,Esp,,,,,,,,,Hombre,Española,Sí,Sí,Sí,No,,No,,,,,,,,
10/03/2021 9:03:58,Cat,Home,Espanyola,Sí,Sí,No,Sí,No,No,,,,,,,,,,,,,,,,
10/03/2021 16:28:43,Eng,,,,,,,,,,,,,,,,,Male,Spanish,Yes,Yes,No,No,,Yes
10/03/2021 19:46:08,Eng,,,,,,,,,,,,,,,,,Male,Spanish,Yes,No,Yes,No,No,No
11/03/2021 13:54:09,Cat,Home,Catalana,No,Sí,No,No,,No,,,,,,,,,,,,,,,,
12/03/2021 8:20:12,Cat,Home,Espanyola,Sí,No,,Sí,Sí,No,,,,,,,,,,,,,,,,
12/03/2021 8:28:55,Esp,,,,,,,,,Hombre,Española,No,No,No,No,No,No,,,,,,,,
12/03/2021 8:46:19,Esp,,,,,,,,,Hombre,Española,Sí,No,No,No,No,No,,,,,,,,
12/03/2021 8:48:06,Esp,,,,,,,,,Hombre,Española,Sí,Sí,No,No,,No,,,,,,,,
12/03/2021 9:07:34,Cat,Home,Espanyola,Sí,No,,No,,Sí,,,,,,,,,,,,,,,,
12/03/2021 10:35:04,Cat,Dona,Espanyola,No,Sí,Sí,Sí,Sí,No,,,,,,,,,,,,,,,,
12/03/2021 12:23:28,Cat,Home,Espanyola,No,Sí,No,Sí,No,No,,,,,,,,,,,,,,,,
12/03/2021 14:23:59,Cat,Dona,Espanyola,No,Sí,No,Sí,No,No,,,,,,,,,,,,,,,,
12/03/2021 14:32:13,Cat,Dona,Espanyola,No,No,,No,No,No,,,,,,,,,,,,,,,,
12/03/2021 14:47:26,Cat,Home,Espanyola,Sí,Sí,No,Sí,No,No,,,,,,,,,,,,,,,,
12/03/2021 15:14:13,Cat,Dona,Espanyola,Sí,Sí,No,No,No,No,,,,,,,,,,,,,,,,
12/03/2021 16:45:36,Cat,Dona,Espanyola,No,No,,No,,No,,,,,,,,,,,,,,,,
12/03/2021 20:02:30,Cat,Home,Espanyola,Sí,Sí,No,Sí,No,No,,,,,,,,,,,,,,,,
12/03/2021 20:03:41,Esp,,,,,,,,,Hombre,Española,Sí,No,,No,,Sí,,,,,,,,
12/03/2021 21:11:08,Cat,Home,Espanyola,Sí,No,,No,,No,,,,,,,,,,,,,,,,
13/03/2021 7:25:05,Cat,Dona,Espanyola,Sí,No,,No,,No,,,,,,,,,,,,,,,,
13/03/2021 9:55:48,Cat,Home,Espanyola,Sí,Sí,Sí,Sí,Sí,No,,,,,,,,,,,,,,,,
15/03/2021 18:16:36,Esp,,,,,,,,,Hombre,Española,Sí,Sí,Sí,Sí,No,Sí,,,,,,,,
16/03/2021 9:29:07,Esp,,,,,,,,,Hombre,Española,Sí,Sí,No,No,No,No,,,,,,,,